OBJECTID,state,FIPS,county,latitude,longitude,USFS_Acre_A1,Other_Acre_A1,USFS_BDT_A1,Other_BDT_A1,Total_BDT_A1,TotalBDT_A1_Yr,USFS_Acre_A2,Other_Acre_A2,USFS_BDT_A2,Other_BDT_A2,Total_BDT_A2,TotalBDT_A2_Yr,USFS_Acre_A3,Other_Acre_A3,USFS_BDT_A3,Other_BDT_A3,Total_BDT_A3,TotalBDT_A3_Yr,USFS_Acre_A4,Other_Acre_A4,USFS_BDT_A4,Other_BDT_A4,Total_BDT_A4,TotalBDT_A4_Yr,USFS_Acre_A5,Other_Acre_A5,USFS_BDT_A5,Other_BDT_A5,Total_BDT_A5,TotalBDT_A5_Yr,USFS_Acre_A6,Other_Acre_A6,USFS_BDT_A6,Other_BDT_A6,Total_BDT_A6,TotalBDT_A6_Yr,Total_Acreage,Total_BDT
1807,NM,35021,Harding,35.863152,-103.829931,780.6,-999,679.1,-999,679.1,67.9,754.8,-999,656.6,-999,656.6,65.7,2932.6,-999,2551.2,-999,2551.2,255.1,224.2,-999,195,-999,195,19.5,216.8,-999,188.6,-999,188.6,18.9,842.3,-999,732.7,-999,732.7,73.3,5751.29,5003.36
2781,UT,49007,Carbon,39.67005,-110.590357,1217.2,-999,5353.3,-999,5353.3,535.3,1338.9,-999,5888.2,-999,5888.2,588.8,2674.6,-999,11762.9,-999,11762.9,1176.3,1352.5,-999,5948,-999,5948,594.8,1487.6,-999,6542.4,-999,6542.4,654.2,2971.8,-999,13069.9,-999,13069.9,1307,11042.59,48564.69
3143,WY,56045,Weston,43.846213,-104.57002,1944.5,-999,9584.2,-999,9584.2,958.4,2935.4,-999,14468,-999,14468,1446.8,6208.6,-999,30600.6,-999,30600.6,3060.1,113.1,-999,557.3,-999,557.3,55.7,170.7,-999,841.3,-999,841.3,84.1,361,-999,1779.4,-999,1779.4,177.9,11733.32,57830.86
2960,WA,53011,Clark,45.771674,-122.485903,587.3,-999,39970.9,-999,39970.9,3997.1,202.3,-999,13767.8,-999,13767.8,1376.8,258.2,-999,17573.4,-999,17573.4,1757.3,440.6,-999,29985.9,-999,29985.9,2998.6,151.7,-999,10328.5,-999,10328.5,1032.9,193.7,-999,13183.4,-999,13183.4,1318.3,1833.74,124809.92
1796,NM,35001,Bernalillo,35.054002,-106.669065,4834.5,-999,35528.3,-999,35528.3,3552.8,1228.3,-999,9026.6,-999,9026.6,902.7,6844.5,-999,50299.4,-999,50299.4,5029.9,4377.5,-999,32169.6,-999,32169.6,3217,1112.2,-999,8173.3,-999,8173.3,817.3,6197.4,-999,45544.3,-999,45544.3,4554.4,24594.27,180741.43
2787,UT,49019,Grand,38.974326,-109.57345,2776,-999,24509.4,-999,24509.4,2450.9,3579.4,-999,31602.7,-999,31602.7,3160.3,5009.5,-999,44229.6,-999,44229.6,4423,2508.7,-999,22149.5,-999,22149.5,2214.9,3234.7,-999,28559.7,-999,28559.7,2856,4527.2,-999,39970.8,-999,39970.8,3997.1,21635.49,191021.78
296,CO,8101,Pueblo,38.170658,-104.489893,6633.5,-999,58696.7,-999,58696.7,5869.7,422.6,-999,3739.2,-999,3739.2,373.9,10118.8,-999,89536.7,-999,89536.7,8953.7,1920.9,-999,16997.4,-999,16997.4,1699.7,122.4,-999,1082.8,-999,1082.8,108.3,2930.2,-999,25928.1,-999,25928.1,2592.8,22148.44,195980.89
281,CO,8071,Las Animas,37.318831,-104.04411,4007.3,-999,51187.6,-999,51187.6,5118.8,2212.2,-999,28257.9,-999,28257.9,2825.8,3653.1,-999,46663.2,-999,46663.2,4666.3,2646.1,-999,33800.2,-999,33800.2,3380,1460.8,-999,18659.3,-999,18659.3,1865.9,2412.2,-999,30812.7,-999,30812.7,3081.3,16391.81,209380.99
2806,UT,49057,Weber,41.270355,-111.875879,1622.7,-999,13362.4,-999,13362.4,1336.2,653.8,-999,5384,-999,5384,538.4,2867.5,-999,23613.7,-999,23613.7,2361.4,7285.5,-999,59995.3,-999,59995.3,5999.5,2935.4,-999,24173.2,-999,24173.2,2417.3,12874.6,-999,106021.7,-999,106021.7,10602.2,28239.46,232550.2
267,CO,8043,Fremont,38.455658,-105.421438,2849.8,-999,30360.1,-999,30360.1,3036,618.1,-999,6584.6,-999,6584.6,658.5,3931.8,-999,41886.9,-999,41886.9,4188.7,6526.6,-999,69529.8,-999,69529.8,6953,1415.5,-999,15079.8,-999,15079.8,1508,9004.5,-999,95928.1,-999,95928.1,9592.8,24346.27,259369.28
567,ID,16031,Cassia,42.288635,-113.605498,2028.3,2172.2,14615.1,6834.8,21449.9,2145,1860.2,1992.2,13403.9,6268.4,19672.3,1967.2,6818.5,7302.3,49131.8,22976.6,72108.5,7210.8,2634.8,2821.7,18985.5,8878.6,27864.1,2786.4,2416.4,2587.9,17412.1,8142.8,25554.9,2555.5,8857.4,9485.9,63823.8,29847.3,93671.1,9367.1,50977.8,260320.72
109,AZ,4023,Santa Cruz,31.525904,-110.84519,12280.7,-999,29057.2,-999,29057.2,2905.7,31985.7,-999,75681,-999,75681,7568.1,34837.8,-999,82429.3,-999,82429.3,8242.9,5970.4,-999,14126.5,-999,14126.5,1412.6,15550.2,-999,36793.2,-999,36793.2,3679.3,16936.8,-999,40074,-999,40074,4007.4,117561.7,278161.23
1813,NM,35031,McKinley,35.573732,-108.255307,13556.6,-999,77370.3,-999,77370.3,7737,10718.8,-999,61174.1,-999,61174.1,6117.4,14256.3,-999,81363.4,-999,81363.4,8136.3,3918.1,-999,22361.3,-999,22361.3,2236.1,3097.9,-999,17680.3,-999,17680.3,1768,4120.3,-999,23515.4,-999,23515.4,2351.5,49667.97,283464.87
1826,NM,35057,Torrance,34.634644,-105.846836,14801,-999,72215.1,-999,72215.1,7221.5,6924.3,-999,33784.2,-999,33784.2,3378.4,27740.3,-999,135346.9,-999,135346.9,13534.7,4012.2,-999,19576.1,-999,19576.1,1957.6,1877,-999,9158.2,-999,9158.2,915.8,7519.8,-999,36689.8,-999,36689.8,3669,62874.66,306770.28
98,AZ,4003,Cochise,31.881793,-109.75412,41721.4,-999,106320.9,-999,106320.9,10632.1,49892.7,-999,127144.4,-999,127144.4,12714.4,47188.6,-999,120253.2,-999,120253.2,12025.3,8217.5,-999,20941.2,-999,20941.2,2094.1,9827,-999,25042.7,-999,25042.7,2504.3,9294.4,-999,23685.4,-999,23685.4,2368.5,166141.55,423387.81
1824,NM,35053,Socorro,33.991614,-106.939003,30680.6,-999,129861.9,-999,129861.9,12986.2,10360.9,-999,43854.5,-999,43854.5,4385.4,43428.7,-999,183820.7,-999,183820.7,18382.1,10754.3,-999,45519.7,-999,45519.7,4552,3631.7,-999,15372.1,-999,15372.1,1537.2,15222.8,-999,64433.6,-999,64433.6,6443.4,114079.02,482862.38
1823,NM,35051,Sierra,33.119479,-107.188161,21485.2,-999,135030.2,-999,135030.2,13503,11392.2,-999,71597.4,-999,71597.4,7159.7,20364.5,-999,127986.9,-999,127986.9,12798.7,10963.1,-999,68900.7,-999,68900.7,6890.1,5813,-999,36533.4,-999,36533.4,3653.3,10391.2,-999,65306.8,-999,65306.8,6530.7,80409.23,505355.47
1753,NV,32011,Eureka,39.977788,-116.272208,4824.3,21262.6,18376,78374.6,96750.6,9675.1,3079.1,13571,11728.6,50023.1,61751.7,6175.2,9437.8,41596.2,35949.2,153324.9,189274.1,18927.4,2198.5,9689.6,8374.1,35716.1,44090.2,4409,1403.2,6184.4,5344.9,22796,28140.9,2814.1,4300.9,18955.8,16382.4,69871.7,86254.1,8625.4,136503.31,506261.51
2789,UT,49023,Juab,39.710827,-112.794262,2471.5,12700.1,15873.1,57939,73812.1,7381.2,854.1,4388.8,5485.3,20022.1,25507.4,2550.7,2671.8,13729,17159,62632.7,79791.6,7979.2,4732.6,24318.5,30394.1,110942.8,141336.9,14133.7,1635.4,8403.8,10503.4,38338.7,48842.1,4884.2,5115.9,26288.5,32856.3,119930.3,152786.6,15278.7,107310.03,522076.74
554,ID,16005,Bannock,42.692939,-112.228986,2991.4,4553.2,37794.6,46579.6,84374.2,8437.4,4477.9,6815.8,56576,69726.6,126302.6,12630.3,4437.7,6754.5,56067.1,69099.5,125166.6,12516.7,1750.5,2664.4,22116.2,27256.9,49373,4937.3,2620.3,3988.4,33106.4,40801.8,73908.2,7390.8,2596.8,3952.5,32808.7,40434.8,73243.4,7324.3,47603.27,532368.05
101,AZ,4009,Graham,32.931828,-109.87831,14000.5,-999,69258.1,-999,69258.1,6925.8,628.1,-999,3107.1,-999,3107.1,310.7,46347.3,-999,229272.1,-999,229272.1,22927.2,10795.2,-999,53402,-999,53402,5340.2,484.3,-999,2395.8,-999,2395.8,239.6,35736.5,-999,176782.1,-999,176782.1,17678.2,107991.95,534217.16
2966,WA,53023,Garfield,46.429474,-117.536715,5744.9,-999,77882,-999,77882,7788.2,8552.3,-999,115940.2,-999,115940.2,11594,7138.3,-999,96771.3,-999,96771.3,9677.1,5459.2,-999,74008.7,-999,74008.7,7400.9,8126.9,-999,110174.1,-999,110174.1,11017.4,6783.3,-999,91958.5,-999,91958.5,9195.9,41804.88,566734.86
1759,NV,32023,Nye,37.966379,-116.459047,10887.4,-999,42729.6,-999,42729.6,4273,17459.9,-999,68524.5,-999,68524.5,6852.5,60698.5,-999,238222.1,-999,238222.1,23822.2,10387,-999,40765.8,-999,40765.8,4076.6,16657.5,-999,65375.2,-999,65375.2,6537.5,57908.9,-999,227273.7,-999,227273.7,22727.4,173999.28,682890.87
107,AZ,4019,Pima,32.128237,-111.783018,10619.6,29740.6,30989,64462.8,95451.8,9545.2,8308.6,23268.4,24245.2,50434.4,74679.5,7468,43779.1,122604.9,127751.6,265746.6,393498.3,39349.8,2351.3,6584.9,6861.3,14272.8,21134.1,2113.4,1839.6,5151.9,5368.2,11166.7,16534.9,1653.5,9693.2,27146.1,28285.6,58839.3,87124.9,8712.5,291088.07,688423.54
260,CO,8029,Delta,38.861756,-107.864757,10043.1,-999,178320.1,-999,178320.1,17832,8813.9,-999,156493.9,-999,156493.9,15649.4,5816.3,-999,103269.9,-999,103269.9,10327,5744.2,-999,101989.7,-999,101989.7,10199,5041.1,-999,89506.3,-999,89506.3,8950.6,3326.6,-999,59065,-999,59065,5906.5,38785.11,688644.94
102,AZ,4011,Greenlee,33.238872,-109.242323,33340.3,-999,176314,-999,176314,17631.4,11636.6,-999,61537.9,-999,61537.9,6153.8,39641.7,-999,209637.5,-999,209637.5,20963.7,23192.2,-999,122647.7,-999,122647.7,12264.8,8094.7,-999,42807,-999,42807,4280.7,27575.6,-999,145828.1,-999,145828.1,14582.8,143481,758772.28
1750,NV,32005,Douglas,38.905129,-119.609019,15573.3,29200,128420.2,97386.2,225806.4,22580.6,5389.3,10105,44441.2,33701.5,78142.7,7814.3,6481.7,12153.1,53448.7,40532.3,93981.1,9398.1,15036.4,28193.1,123992.2,94028.3,218020.5,21802,5203.5,9756.5,42908.8,32539.5,75448.3,7544.8,6258.2,11734,51605.8,39134.7,90740.5,9074.1,155084.11,782139.59
269,CO,8047,Gilpin,39.861082,-105.528947,4884.6,4535.7,71592.1,60038.5,131630.5,13163.1,4390.4,4076.8,64349,53964.3,118313.2,11831.3,6036.1,5605,88469.5,74192.2,162661.8,16266.2,4612,4282.5,67595.7,56687.1,124282.8,12428.3,4145.4,3849.3,60756.9,50951.9,111708.9,11170.9,5699.2,5292.1,83531.1,70050.7,153581.8,15358.2,57409.08,802178.96
595,ID,16087,Washington,44.448213,-116.79783,13140.1,2247.4,223066.9,21873.3,244940.2,24494,4803.1,821.5,81538,7995.4,89533.4,8953.3,9273.1,1586,157420.4,15436.2,172856.6,17285.7,8056.6,1377.9,136768.9,13411.2,150180.1,15018,2944.9,503.7,49993.4,4902.2,54895.6,5489.6,5685.6,972.4,96519.1,9464.4,105983.5,10598.3,51412.53,818389.35
2233,OR,41049,Morrow,45.425496,-119.602311,14119.4,-999,186128.2,-999,186128.2,18612.8,7212.1,-999,95073.7,-999,95073.7,9507.4,21685.5,-999,285868.7,-999,285868.7,28586.9,6762,-999,89139.6,-999,89139.6,8914,3454,-999,45532.2,-999,45532.2,4553.2,10385.5,-999,136906.9,-999,136906.9,13690.7,63618.45,838649.32
3126,WY,56011,Crook,44.589266,-104.567298,8043.3,-999,99149.2,-999,99149.2,9914.9,3562.3,-999,43913,-999,43913,4391.3,26248.5,-999,323565.5,-999,323565.5,32356.6,7609,-999,93795.6,-999,93795.6,9379.6,3370,-999,41541.9,-999,41541.9,4154.2,24831.3,-999,306094.6,-999,306094.6,30609.5,73664.37,908059.84
2797,UT,49039,Sanpete,39.380588,-111.570451,11927.8,14391.7,91898.7,71834.4,163733.2,16373.3,1335.9,1611.9,10292.9,8045.6,18338.5,1833.9,11529.3,13910.9,88828.8,69434.8,158263.6,15826.4,20648.1,24913.4,159085.9,124352.5,283438.4,28343.8,2312.6,2790.4,17818,13927.8,31745.8,3174.6,19958.4,24081.2,153771.6,120198.5,273970.1,27397,149411.58,929489.67
223,CA,6073,San Diego,33.023604,-116.776117,7793.5,60424.5,49808.6,489126.7,538935.3,53893.5,385,2984.9,2460.5,24162.3,26622.8,2662.3,1106.3,8577.5,7070.6,69433.9,76504.5,7650.4,3574.6,27714.4,22845.3,224343.9,247189.2,24718.9,176.6,1369.1,1128.5,11082.3,12210.9,1221.1,507.4,3934.2,3243,31846.7,35089.7,3509,118547.97,936552.4
2778,UT,49001,Beaver,38.357535,-113.238948,3474,23571.9,27284.7,105689.4,132974.1,13297.4,2343.7,15902.8,18407.6,71303.1,89710.7,8971.1,10589.3,71851,83168,322157.9,405325.9,40532.6,1798.6,12204.2,14126.5,54720,68846.5,6884.6,1213.5,8233.6,9530.4,36916.7,46447.1,4644.7,5482.6,37200.4,43059.7,166795.2,209854.9,20985.5,193865.59,953159.16
3138,WY,56035,Sublette,42.767928,-109.91617,19028.8,-999,195531.5,-999,195531.5,19553.1,11197.5,-999,115060.8,-999,115060.8,11506.1,21947.8,-999,225526.7,-999,225526.7,22552.7,15232.6,-999,156523.3,-999,156523.3,15652.3,8963.6,-999,92106.3,-999,92106.3,9210.6,17569.3,-999,180534.5,-999,180534.5,18053.4,93939.55,965283.02
2962,WA,53015,Cowlitz,46.185923,-122.658682,7555.1,-999,243517.9,-999,243517.9,24351.8,1883.9,-999,60722.1,-999,60722.1,6072.2,2230.3,-999,71886.7,-999,71886.7,7188.7,12069,-999,389011.9,-999,389011.9,38901.2,3009.4,-999,97001.6,-999,97001.6,9700.2,3562.8,-999,114836.6,-999,114836.6,11483.7,30310.38,976976.69
110,AZ,4025,Yavapai,34.630044,-112.573745,56725.4,32328.3,200508.3,105652.4,306160.7,30616.1,24630.4,14037,87061.4,45874.6,132936,13293.6,42744.5,24360.4,151089.8,79612.6,230702.4,23070.2,26549.8,15130.9,93845.9,49449.5,143295.4,14329.5,11528,6569.9,40748.2,21471.1,62219.3,6221.9,20006.1,11401.7,70716,37261.9,107977.9,10797.8,286012.44,983291.74
2804,UT,49053,Washington,37.262531,-113.4878,21641.2,25929.9,89320.6,115816.1,205136.7,20513.7,4740.8,5680.3,19567,25371.2,44938.2,4493.8,22447.6,26896.2,92649.2,120132.1,212781.3,21278.1,24750.7,29655.7,102154.9,132457.5,234612.4,23461.2,5422,6496.5,22378.5,29016.7,51395.2,5139.5,25673.1,30760.9,105961.8,137393.6,243355.4,24335.5,230095.06,992219.22
1799,NM,35006,Cibola,34.93205,-108.000255,28793.1,-999,248236.9,-999,248236.9,24823.7,6359.3,-999,54826.4,-999,54826.4,5482.6,53054.3,-999,457402.3,-999,457402.3,45740.2,9232.1,-999,79594,-999,79594,7959.4,2039,-999,17579.4,-999,17579.4,1757.9,17011.2,-999,146660.2,-999,146660.2,14666,116489.12,1004299.26
2798,UT,49041,Sevier,38.746825,-111.81193,8206.2,2406.1,58388.3,12922,71310.3,7131,8838.7,2591.5,62888.5,13918,76806.5,7680.7,39169.7,11484.6,278697.1,61679,340376.1,34037.6,8691.3,2548.3,61839.7,13685.9,75525.6,7552.6,9361.2,2744.7,66606,14740.7,81346.7,8134.7,41485.1,12163.5,295171.4,65325,360496.4,36049.6,149690.91,1005861.61
291,CO,8091,Ouray,38.1506,-107.767133,8592.2,16497.8,89282.5,187659.7,276942.2,27694.2,3480.3,6682.4,36163.7,76011.2,112174.8,11217.5,5689.2,10923.8,59116.8,124255.6,183372.5,18337.2,6927.2,13300.7,71980.5,151293.3,223273.8,22327.4,2805.8,5387.4,29155.5,61281,90436.6,9043.7,4586.7,8806.9,47660.6,100176.3,147836.9,14783.7,93680.43,1034036.75
272,CO,8053,Hinsdale,37.811625,-107.383405,11257.8,-999,113413.7,-999,113413.7,11341.4,1229.8,-999,12389.4,-999,12389.4,1238.9,21909.5,-999,220722,-999,220722,22072.2,22402.8,-999,225690.7,-999,225690.7,22569.1,2447.3,-999,24654.6,-999,24654.6,2465.5,43599.5,-999,439231.7,-999,439231.7,43923.2,102846.67,1036101.96
1810,NM,35027,Lincoln,33.740941,-105.449083,24781,38884.8,104739.4,84289.1,189028.6,18902.9,22914.3,35955.7,96849.8,77939.9,174789.7,17479,25824.2,40521.7,109148.6,87837.4,196986,19698.6,21411.8,33598.1,90499.3,72829.4,163328.7,16332.9,19799,31067.3,83682.3,67343.4,151025.7,15102.6,22313.2,35012.5,94309,75895.2,170204.3,17020.4,352083.74,1045362.94
259,CO,8027,Custer,38.101994,-105.373515,7649.8,5631.1,92023.4,49518.7,141542.1,14154.2,3147.1,2316.6,37858.5,20372.1,58230.6,5823.1,12360.2,9098.4,148687.2,80010.1,228697.3,22869.7,11764.6,8660,141522.3,76154.6,217676.9,21767.7,4840,3562.7,58222.5,31330.1,89552.6,8955.3,19008.8,13992.4,228665.4,123047.2,351712.5,35171.3,102031.91,1087411.93
251,CO,8013,Boulder,40.094826,-105.398382,14870.2,12816,151611.1,109139,260750.1,26075,418.3,360.5,4264.6,3069.9,7334.5,733.4,26284.6,22653.7,267988.6,192914.6,460903.2,46090.3,7370.4,6352.2,75146,54094.7,129240.6,12924.1,207.3,178.7,2113.7,1521.6,3635.3,363.5,13027.9,11228.3,132828.4,95618,228446.4,22844.6,115768,1090310.1
304,CO,8117,Summit,39.621023,-106.137555,5865.7,-999,69437.9,-999,69437.9,6943.8,5807.3,-999,68746.9,-999,68746.9,6874.7,11917.8,-999,141082.5,-999,141082.5,14108.3,18955.9,-999,224399.3,-999,224399.3,22439.9,18767.2,-999,222166.3,-999,222166.3,22216.6,38514.2,-999,455930,-999,455930,45593,99828.08,1181762.97
2799,UT,49043,Summit,40.87206,-110.968486,23812.7,11102.2,190204.5,59673.4,249878,24987.8,4390.9,2047.2,35072.5,11003.4,46075.9,4607.6,44836.6,20904.1,358133.5,112358.3,470491.9,47049.2,13012.3,6066.7,103935.9,32608.1,136544,13654.4,2399.4,1118.7,19165.1,6012.7,25177.8,2517.8,24500.6,11422.9,195699.4,61397.4,257096.8,25709.7,165614.18,1185264.35
2784,UT,49013,Duchesne,40.289649,-110.42983,15455.9,-999,124022.1,-999,124022.1,12402.2,10312.4,-999,82749.7,-999,82749.7,8275,51357.1,-999,412103,-999,412103,41210.3,14736.1,-999,118246.7,-999,118246.7,11824.7,9832.2,-999,78896.3,-999,78896.3,7889.6,48965.5,-999,392912.5,-999,392912.5,39291.2,150659.31,1208930.29
556,ID,16009,Benewah,47.218451,-116.633541,5291.3,-999,182144.3,-999,182144.3,18214.4,1674.7,-999,57649.7,-999,57649.7,5765,7484.4,-999,257635.4,-999,257635.4,25763.5,7595.7,-999,261468.1,-999,261468.1,26146.8,2404.1,-999,82756.2,-999,82756.2,8275.6,10743.8,-999,369835.5,-999,369835.5,36983.6,35194.03,1211489.2
188,CA,6003,Alpine,38.61761,-119.798999,8855.3,398.3,152784.9,6592.4,159377.3,15937.7,6050.2,272.1,104386.7,4504.1,108890.8,10889.1,18450.5,829.9,318334.6,13735.5,332070.1,33207,9490.1,426.9,163736.2,7064.9,170801.2,17080.1,6483.9,291.7,111868.9,4826.9,116695.8,11669.6,19773,889.4,341152.2,14720.1,355872.3,35587.2,72211.3,1243707.46
1822,NM,35049,Santa Fe,35.513722,-105.966441,12286.6,24478.8,117322.2,52698,170020.2,17002,3698.3,7368.1,35314,15862.1,51176.1,5117.6,14329.8,28549.5,136832.5,61461.5,198293.9,19829.4,24730.1,49270.1,236142.6,106068.9,342211.5,34221.2,7443.8,14830.3,71079,31926.8,103005.8,10300.6,28842.6,57463.6,275412.3,123707.8,399120.1,39912,273291.62,1263827.59
1751,NV,32007,Elko,41.141133,-115.351424,5656.3,20849.6,21437.1,80119,101556.1,10155.6,8565.7,31574.2,32463.9,121330.8,153794.7,15379.5,19405.3,71530.1,73545.7,274869.7,348415.4,34841.5,6451.1,23779.4,24449.5,91377.6,115827.1,11582.7,9769.4,36011.1,37025.8,138380.5,175406.3,17540.6,22132.2,81581.7,83880.5,313495.2,397375.7,39737.6,337306.07,1292375.3
2803,UT,49051,Wasatch,40.334884,-111.161568,20196.7,12038.2,158583.4,80761.4,239344.8,23934.5,18293.6,10903.8,143640.4,73151.4,216791.8,21679.2,27157,16186.8,213235.2,108593.8,321829,32182.9,15286.7,9111.6,120030.2,61127.5,181157.6,18115.8,13846.3,8253,108720,55367.5,164087.5,16408.8,20554.9,12251.6,161395.6,82193.5,243589.1,24358.9,184080.15,1366799.74
2802,UT,49049,Utah,40.120409,-111.668667,6313.1,2629.8,61751.6,14827.5,76579.1,7657.9,11253.1,4687.6,110072.6,26430.1,136502.7,13650.3,7271.4,3028.9,71125.1,17078.3,88203.4,8820.3,22713.8,9461.6,222176,53347.9,275524,27552.4,40487.5,16865.4,396030.1,95093,491123.2,49112.3,26161.6,10897.8,255901.2,61445.9,317347.1,31734.7,161771.52,1385279.44
3140,WY,56039,Teton,44.049321,-110.588102,23359.3,-999,252240.1,-999,252240.1,25224,20922.3,-999,225925,-999,225925,22592.5,38140.9,-999,411856.1,-999,411856.1,41185.6,14152.3,-999,152820,-999,152820,15282,12675.8,-999,136876.9,-999,136876.9,13687.7,23107.7,-999,249523.5,-999,249523.5,24952.3,132358.31,1429241.66
305,CO,8119,Teller,38.871994,-105.182552,13550.9,16074.3,112369.2,143847.7,256217,25621.7,6789.5,8053.8,56301.2,72073.1,128374.3,12837.4,10235.2,12141.1,84874.1,108650.3,193524.5,19352.4,20228.3,23995.2,167741.4,214731.6,382473,38247.3,10135.2,12022.5,84044.7,107588.5,191633.3,19163.3,15278.8,18123.9,126697.6,162189.9,288887.5,28888.7,166628.67,1441109.48
268,CO,8045,Garfield,39.599352,-107.90978,9969,-999,132921.9,-999,132921.9,13292.2,6174,-999,82320.9,-999,82320.9,8232.1,45894.6,-999,611938.3,-999,611938.3,61193.8,7726.6,-999,103023.3,-999,103023.3,10302.3,4785.2,-999,63804.2,-999,63804.2,6380.4,35571.4,-999,474293,-999,474293,47429.3,110120.77,1468301.57
222,CA,6071,San Bernardino,34.85722,-116.181197,12397.3,9733.3,124316.5,38574.4,162890.9,16289.1,7913.3,6212.9,79352.5,24622.4,103974.9,10397.5,22824.8,17920.2,228880.8,71019.9,299900.7,29990.1,20100.3,15781.1,201560.4,62542.6,264103,26410.3,12830.2,10073.3,128658,39921.6,168579.6,16858,37006.9,29054.9,371095.7,115148,486243.7,48624.4,201848.44,1485692.73
280,CO,8069,Larimer,40.663091,-105.482131,42054.5,-999,346174.8,-999,346174.8,34617.5,16622.3,-999,136827.7,-999,136827.7,13682.8,57402.8,-999,472515.4,-999,472515.4,47251.5,25410.5,-999,209168.4,-999,209168.4,20916.8,10043.7,-999,82675.1,-999,82675.1,8267.5,34684.4,-999,285506.9,-999,285506.9,28550.7,186218.1,1532868.29
213,CA,6053,Monterey,36.240107,-121.315573,18745.8,-999,326447.1,-999,326447.1,32644.7,12712.1,-999,221373.8,-999,221373.8,22137.4,14365.7,-999,250170,-999,250170,25017,17447.1,-999,303831.2,-999,303831.2,30383.1,11831.4,-999,206037.2,-999,206037.2,20603.7,13370.4,-999,232838.4,-999,232838.4,23283.8,88472.58,1540697.7
288,CO,8085,Montrose,38.413427,-108.263042,61456.2,-999,600370.2,-999,600370.2,60037,10390.3,-999,101503.3,-999,101503.3,10150.3,43800.4,-999,427888.8,-999,427888.8,42788.9,22936.7,-999,224069.8,-999,224069.8,22407,3877.9,-999,37883,-999,37883,3788.3,16347.1,-999,159696.4,-999,159696.4,15969.6,158808.53,1551411.47
2788,UT,49021,Iron,37.882727,-113.290059,10624.3,37061.1,82642.1,232535.2,315177.3,31517.7,6894,24048.6,53625.7,150889.9,204515.6,20451.6,21239.7,74090.7,165213.9,464872.7,630086.6,63008.7,3748.8,13077.1,29160.5,82050.8,111211.4,11121.1,2432.6,8485.6,18922,53242,72164,7216.4,7494.5,26143.2,58296.3,164031.9,222328.2,22232.8,235340.27,1555483.1
571,ID,16039,Elmore,43.394826,-115.470751,18275,1299.1,126182.6,7363.6,133546.3,13354.6,9518,676.6,65718.3,3835.1,69553.4,6955.3,29104.2,2068.9,200954.2,11727.1,212681.3,21268.1,51000.7,3625.4,352142.1,20549.9,372692.1,37269.2,26562.1,1888.2,183402.2,10702.8,194105,19410.5,81222,5773.6,560809.8,32727.1,593536.9,59353.7,231013.62,1576114.91
2796,UT,49037,San Juan,37.623064,-109.78932,31530.7,-999,299411.4,-999,299411.4,29941.1,29122.9,-999,276547.7,-999,276547.7,27654.8,69951.3,-999,664248.6,-999,664248.6,66424.9,8796.8,-999,83533.1,-999,83533.1,8353.3,8125,-999,77154.3,-999,77154.3,7715.4,19515.8,-999,185319.3,-999,185319.3,18531.9,167042.44,1586214.25
266,CO,8041,El Paso,38.827383,-104.527472,17168.8,24432,171578.6,244804.8,416383.3,41638.3,8943.7,12727.3,89379.7,127525.2,216904.9,21690.5,9130.2,12992.7,91243.9,130184.9,221428.9,22142.9,15263.2,21720.4,152535.5,217634.5,370170,37017,7951,11314.7,79459.7,113371.5,192831.2,19283.1,8116.9,11550.7,81117,115736,196853.1,19685.3,161311.59,1614571.37
1620,MT,30043,Jefferson,46.126557,-112.056771,13592.2,-999,134639.7,-999,134639.7,13464,14361.8,-999,142263,-999,142263,14226.3,31520.8,-999,312233.7,-999,312233.7,31223.4,23700.8,-999,234771.5,-999,234771.5,23477.2,25042.7,-999,248064.3,-999,248064.3,24806.4,54962.8,-999,544442.5,-999,544442.5,54444.2,163181,1616414.67
302,CO,8113,San Miguel,38.009374,-108.427326,14552.9,47472.4,242814,269297.8,512111.8,51211.2,7753.7,25293.2,129370.5,143481,272851.5,27285.1,13801.3,45020.7,230273.6,255389.5,485663.1,48566.3,4370.1,14255.7,72915.8,80868.7,153784.5,15378.4,2328.4,7595.4,38849.3,43086.6,81935.9,8193.6,4144.4,13519.5,69149.9,76692.1,145842.1,14584.2,200107.67,1652188.83
273,CO,8055,Huerfano,37.687815,-104.959928,8140.2,18458,82304.9,111274.2,193579.1,19357.9,9073.2,20573.8,91739.1,124028.9,215768,21576.8,16867.3,38247.1,170544.7,230572.2,401117,40111.7,8787.4,19925.7,88849.1,120121.7,208970.8,20897.1,9794.7,22209.6,99033.3,133890.6,232923.9,23292.4,18208.5,41288.2,184105,248905.3,433010.3,43301,231573.78,1685368.97
1805,NM,35017,Grant,32.732087,-108.381504,43828.2,18480.2,248958.1,36183.5,285141.6,28514.2,35347,14904.1,200782.2,29181.6,229963.8,22996.4,65438.8,27592.3,371713,54024.6,425737.6,42573.8,35171.7,14830.2,199786.3,29036.8,228823.2,22882.3,28365.6,11960.4,161125.6,23417.9,184543.6,18454.4,52514,22142.5,298295.9,43354.2,341650.1,34165,370574.94,1695859.79
284,CO,8077,Mesa,39.019492,-108.461837,39033.6,-999,445135.5,-999,445135.5,44513.6,23488.1,-999,267856.1,-999,267856.1,26785.6,32660.8,-999,372460.7,-999,372460.7,37246.1,24376,-999,277982.1,-999,277982.1,27798.2,14668,-999,167273.2,-999,167273.2,16727.3,20396.3,-999,232597.5,-999,232597.5,23259.8,154622.77,1763305.18
299,CO,8107,Routt,40.48316,-106.985289,24227.1,-999,243869.8,-999,243869.8,24387,15075.2,-999,151746.6,-999,151746.6,15174.7,63315.2,-999,637330,-999,637330,63733,19867.4,-999,199984.6,-999,199984.6,19998.5,12362.3,-999,124439.3,-999,124439.3,12443.9,51921.4,-999,522640.5,-999,522640.5,52264,186768.52,1880010.78
1622,MT,30047,Lake,47.642901,-114.083687,16532.8,-999,305413.5,-999,305413.5,30541.4,11159.8,-999,206156.6,-999,206156.6,20615.7,15661.8,-999,289322.4,-999,289322.4,28932.2,22282.5,-999,411628.9,-999,411628.9,41162.9,15040.9,-999,277852.8,-999,277852.8,27785.3,21108.5,-999,389941.7,-999,389941.7,38994.2,101786.31,1880315.85
580,ID,16057,Latah,46.81892,-116.730974,5826.2,-999,149043.1,-999,149043.1,14904.3,4347.3,-999,111209.9,-999,111209.9,11121,14737.7,-999,377012.1,-999,377012.1,37701.2,11683.9,-999,298890.9,-999,298890.9,29889.1,8718,-999,223020.3,-999,223020.3,22302,29554.9,-999,756059.6,-999,756059.6,75606,74867.89,1915236.03
253,CO,8015,Chaffee,38.738246,-106.316972,13514.7,-999,147840.6,-999,147840.6,14784.1,2238.2,-999,24483.7,-999,24483.7,2448.4,35307,-999,386231.3,-999,386231.3,38623.1,34753.3,-999,380173.8,-999,380173.8,38017.4,5755.5,-999,62960.2,-999,62960.2,6296,90792.4,-999,993198.4,-999,993198.4,99319.8,182361.05,1994888.1
275,CO,8059,Jefferson,39.58646,-105.245601,22728.7,44687.1,147224.2,424028.6,571252.8,57125.3,2039,4008.9,13207.5,38039.8,51247.3,5124.7,13188.7,25930.3,85428.9,246048.6,331477.6,33147.8,24991.3,49135.6,161879.9,466239.5,628119.4,62811.9,2242,4408,14522.3,41826.5,56348.8,5634.9,14501.5,28511.6,93933.1,270542.1,364475.2,36447.5,236372.59,2002921.12
1756,NV,32017,Lincoln,37.634605,-114.863037,1408.8,78560.7,3775.3,290156.9,293932.2,29393.2,760.9,42433.7,2039.2,156725.2,158764.4,15876.4,4355.2,242865.9,11671.3,897003.3,908674.5,90867.5,668.7,37291.5,1792.1,137732.8,139524.9,13952.5,361.2,20142.6,968,74394.9,75362.9,7536.3,2067.4,115284.5,5540.2,425793,431333.2,43133.3,546201.3,2007592.11
226,CA,6079,San Luis Obispo,35.385227,-120.44754,4529.6,29753.4,78009,371423.8,449432.8,44943.3,37.2,244.6,641.2,3052.9,3694.1,369.4,2117.6,13909.7,36469.1,173640.3,210109.5,21010.9,9282.7,60975.4,159868.1,761179.2,921047.3,92104.7,76.3,501.2,1314,6256.5,7570.6,757.1,4339.7,28505.9,74738.2,355850.6,430588.9,43058.9,154273.25,2022443.11
1819,NM,35043,Sandoval,35.685073,-106.882618,59830,-999,629529.2,-999,629529.2,62952.9,27296.4,-999,287212.1,-999,287212.1,28721.2,32362.4,-999,340516.1,-999,340516.1,34051.6,38853.4,-999,408814,-999,408814,40881.4,17726.2,-999,186514.5,-999,186514.5,18651.4,21016,-999,221129.9,-999,221129.9,22113,197084.43,2073715.78
287,CO,8083,Montezuma,37.338025,-108.595786,19396.7,42694.9,307696.4,281390.7,589087.1,58908.7,20388.9,44878.9,323436,295784.6,619220.6,61922.1,20227.8,44524.3,320880.2,293447.3,614327.6,61432.8,5363.6,11806.2,85085.4,77811.3,162896.7,16289.7,5638,12410.1,89437.8,81791.5,171229.3,17122.9,5593.5,12312,88731.1,81145.2,169876.3,16987.6,245234.86,2326637.51
212,CA,6051,Mono,37.915836,-118.875167,63327.6,16249,587496.2,93150,680646.2,68064.6,26568.7,6817.2,246480.6,39080.6,285561.2,28556.1,44331.6,11374.9,411268.7,65208.4,476477.1,47647.7,39491,10132.8,366361.7,58088.2,424449.9,42445,16568.2,4251.2,153704.9,24370.6,178075.5,17807.6,27645.1,7093.4,256466.5,40663.9,297130.4,29713,273850.69,2342340.35
264,CO,8037,Eagle,39.630638,-106.692944,15629.6,-999,230065.6,-999,230065.6,23006.6,19129,-999,281576.1,-999,281576.1,28157.6,31924.8,-999,469928,-999,469928,46992.8,21897.1,-999,322322.2,-999,322322.2,32232.2,26799.8,-999,394488.4,-999,394488.4,39448.8,44726.7,-999,658369.6,-999,658369.6,65837,160106.95,2356749.87
2243,OR,41069,Wheeler,44.736411,-120.026875,12642.5,37463.2,204204.3,181008.1,385212.5,38521.2,12345.2,36582.2,199402.3,176751.6,376153.9,37615.4,12330.7,36539.3,199168.2,176544.1,375712.3,37571.2,14785.3,43813,238815.5,211687.7,450503.2,45050.3,14437.6,42782.7,233199.6,206709.7,439909.3,43990.9,14420.7,42732.4,232925.8,206467.1,439392.9,43939.3,320874.72,2466884.13
2786,UT,49017,Garfield,37.831622,-111.450886,34709.1,37180.5,263198,178326.3,441524.4,44152.4,12872.1,13788.7,97609.2,66133.8,163743,16374.3,77553.4,83075.6,588085.8,398449.8,986535.6,98653.6,19644.3,21043.1,148962.5,100927.5,249890,24989,7285.3,7804,55244,37429.8,92673.8,9267.4,43893,47018.4,332839.5,225511,558350.5,55835.1,405867.54,2492717.33
1637,MT,30077,Powell,46.844225,-112.9311,43686.1,-999,439172.8,-999,439172.8,43917.3,16400.4,-999,164871.7,-999,164871.7,16487.2,68339.6,-999,687011.3,-999,687011.3,68701.1,43800.6,-999,440323.6,-999,440323.6,44032.4,16443.4,-999,165303.7,-999,165303.7,16530.4,68518.6,-999,688811.6,-999,688811.6,68881.2,257188.72,2585494.69
100,AZ,4007,Gila,33.789618,-110.81187,33965.6,21095.8,168494.8,113944.3,282439.1,28243.9,57277.1,35574.5,284137.3,192147.3,476284.7,47628.5,82430.5,51197.1,408917.4,276529.6,685447,68544.7,27593.1,17137.9,136882.3,92566.4,229448.7,22944.9,46530.9,28900.1,230828.4,156097.3,386925.6,38692.6,66965.1,41591.7,332197.6,224648,556845.5,55684.6,510259.34,2617390.59
248,CO,8007,Archuleta,37.202395,-107.050863,13869.4,10451.4,208873.2,105640.8,314514,31451.4,11611.7,8750.1,174872.2,88444.3,263316.5,26331.6,27784.7,20937.4,418436.8,211630.9,630067.7,63006.8,16275.7,12264.7,245112.1,123969.2,369081.3,36908.1,13626.3,10268.2,205212,103789.2,309001.2,30900.1,32605.2,24570,491034.5,248348.3,739382.7,73938.3,203015.06,2625363.46
2224,OR,41031,Jefferson,44.64379,-121.183021,34041.1,62059,333199.2,479200.3,812399.6,81240,30582.1,55753,299342.1,430507.7,729849.8,72985,26167.6,47705.1,256132.4,368364.3,624496.7,62449.7,7923.2,14444.6,77553.9,111536.4,189090.3,18909,7118.1,12976.8,69673.5,100203,169876.4,16987.6,6090.6,11103.6,59616.2,85738.8,145354.9,14535.5,315964.95,2671067.71
262,CO,8033,Dolores,37.747602,-108.530383,25048,9154.7,388336,47254.4,435590.4,43559,19680.3,7192.9,305116.9,37128,342244.9,34224.5,36393.5,13301.3,564231.3,68658.1,632889.4,63288.9,22952.9,8388.9,355854.2,43301.9,399156.1,39915.6,18034.2,6591.2,279595.9,34022.4,313618.3,31361.8,33349.4,12188.7,517037,62915.3,579952.3,57995.2,212276,2703451.54
1623,MT,30049,Lewis and Clark,47.122133,-112.382954,45149.9,-999,367406.6,-999,367406.6,36740.7,23675.6,-999,192660.1,-999,192660.1,19266,78545.1,-999,639159.4,-999,639159.4,63915.9,56968.4,-999,463579.4,-999,463579.4,46357.9,29873,-999,243091.1,-999,243091.1,24309.1,99105.2,-999,806466.7,-999,806466.7,80646.7,333317.34,2712363.36
189,CA,6005,Amador,38.44355,-120.653856,7423.4,19055.1,209857,294745.2,504602.2,50460.2,6677.9,17141.6,188783.2,265147.1,453930.3,45393,6036.4,15494.9,170648,239676,410324,41032.4,7626.1,19575.6,215590,302797.3,518387.3,51838.7,6860.3,17609.8,193940.5,272390.5,466331.1,46633.1,6201.3,15918.2,175309.9,246223.7,421533.6,42153.4,145620.59,2775108.37
2977,WA,53045,Mason,47.354126,-123.17385,27391.8,-999,1045351.8,-999,1045351.8,104535.2,15478.4,-999,590700.9,-999,590700.9,59070.1,12156.2,-999,463918.6,-999,463918.6,46391.9,8837.6,-999,337267.9,-999,337267.9,33726.8,4993.9,-999,190581.3,-999,190581.3,19058.1,3922,-999,149676.7,-999,149676.7,14967.7,72779.82,2777497.26
279,CO,8067,La Plata,37.287367,-107.839718,27316.5,25915.7,424453.3,209244.4,633697.6,63369.8,4419.5,4192.9,68672.2,33853.6,102525.8,10252.6,35638.9,33811.4,553770.9,272994.6,826765.5,82676.5,21300.1,20207.9,330969.1,163159.1,494128.2,49412.8,3446.1,3269.4,53547.4,26397.5,79944.9,7994.5,27789.6,26364.6,431805,212868.6,644673.6,64467.4,233672.74,2781735.49
292,CO,8093,Park,39.118914,-105.717648,37103.4,10776.3,357591.3,90370.5,447961.8,44796.2,15790.8,4586.3,152187.1,38460.7,190647.8,19064.8,60614.6,17605,584184.7,147635.1,731819.8,73182,43232,12556.3,416656.4,105297.4,521953.9,52195.4,18399.1,5343.8,177324.6,44813.5,222138.1,22213.8,70626.6,20512.8,680677.3,172020.8,852698.1,85269.8,317147.28,2967219.4
1825,NM,35055,Taos,36.576529,-105.637987,28682,18719.7,368771.3,162263,531034.3,53103.4,24018.7,15676.1,308815,135881.6,444696.6,44469.7,32118.9,20962.8,412960.8,181706.8,594667.6,59466.8,25601,16708.8,329158.1,144832.8,473990.8,47399.1,21438.7,13992.2,275642.2,121285.3,396927.5,39692.7,28668.7,18711,368600.8,162187.9,530788.7,53078.9,265298.66,2972105.46
2234,OR,41051,Multnomah,45.547693,-122.417173,8225.1,-999,554093,-999,554093,55409.3,3772.9,-999,254164.1,-999,254164.1,25416.4,9684.4,-999,652404.2,-999,652404.2,65240.4,9334,-999,628798.5,-999,628798.5,62879.8,4281.5,-999,288431.8,-999,288431.8,28843.2,10990.1,-999,740364.4,-999,740364.4,74036.4,46287.97,3118256.1
2238,OR,41059,Umatilla,45.5912,-118.73388,60575.3,-999,898787.4,-999,898787.4,89878.7,31002.4,-999,459998.9,-999,459998.9,45999.9,62786.2,-999,931591.2,-999,931591.2,93159.1,22297,-999,330831.8,-999,330831.8,33083.2,11411.6,-999,169319.5,-999,169319.5,16932,23110.8,-999,342906.5,-999,342906.5,34290.6,211183.22,3133435.36
1763,NV,32033,White Pine,39.417804,-114.900945,22120.4,54879.7,100433,283449.3,383882.4,38388.2,15734.9,39037.4,71440.7,201625.1,273065.9,27306.6,52171.7,129435.4,236874.2,668523.3,905397.4,90539.7,24217.7,60082.9,109955.1,310323.2,420278.3,42027.8,17226.7,42738.6,78214,220741.2,298955.3,29895.5,57118.1,141707.2,259332.3,731906,991238.3,99123.8,656470.68,3272817.54
2215,OR,41013,Crook,44.163054,-120.371585,45455.7,-999,641922.6,-999,641922.6,64192.3,57050.7,-999,805666.6,-999,805666.6,80566.7,51715.1,-999,730317.7,-999,730317.7,73031.8,25207.6,-999,355980.8,-999,355980.8,35598.1,31637.7,-999,446785.7,-999,446785.7,44678.6,28678.8,-999,405000.6,-999,405000.6,40500.1,239745.53,3385673.86
2221,OR,41025,Harney,43.064355,-118.985949,115215,-999,1173892.1,-999,1173892.1,117389.2,52887.2,-999,538852.8,-999,538852.8,53885.3,68020.4,-999,693040.4,-999,693040.4,69304,53259.8,-999,542648.5,-999,542648.5,54264.8,24447.9,-999,249092.4,-999,249092.4,24909.2,31443.4,-999,320367.8,-999,320367.8,32036.8,345273.75,3517894.03
1618,MT,30039,Granite,46.395358,-113.425683,48848.3,-999,616998.7,-999,616998.7,61699.9,16139,-999,203850.7,-999,203850.7,20385.1,54727.4,-999,691256.8,-999,691256.8,69125.7,66460,-999,839450,-999,839450,83945,21957.8,-999,277346.6,-999,277346.6,27734.7,74458.7,-999,940481,-999,940481,94048.1,282591.19,3569383.82
579,ID,16055,Kootenai,47.677113,-116.694918,15707.9,-999,416773.5,-999,416773.5,41677.4,7819.9,-999,207483.3,-999,207483.3,20748.3,25203.9,-999,668727.9,-999,668727.9,66872.8,29309.2,-999,777652,-999,777652,77765.2,14591.1,-999,387140.3,-999,387140.3,38714,47027.7,-999,1247770.1,-999,1247770.1,124777,139659.82,3705547.12
2214,OR,41011,Coos,43.184193,-124.092557,12250,-999,823549.1,-999,823549.1,82354.9,6467.5,-999,434796.6,-999,434796.6,43479.7,10854.2,-999,729707.7,-999,729707.7,72970.8,11837.4,-999,795804.9,-999,795804.9,79580.5,6249.6,-999,420149,-999,420149,42014.9,10488.5,-999,705124.9,-999,705124.9,70512.5,58147.12,3909132.33
1821,NM,35047,San Miguel,35.476876,-104.803515,22861.7,92934.8,267640.9,336461.1,604102,60410.2,24016.6,97629.4,281160.7,353457.3,634618,63461.8,44720.7,181793.6,523543.3,658165.2,1181708.5,118170.9,14544.5,59124.5,170271.3,214054.3,384325.6,38432.6,15279.2,62111.2,178872.5,224867.2,403739.7,40374,28451,115655.9,333074.7,418720.3,751795,75179.5,759123.11,3960288.83
106,AZ,4017,Navajo,35.390934,-110.320908,31430.2,151479,175212.4,729354.7,904567.1,90456.7,14936.7,71987.8,83266.7,346613.4,429880.2,42988,64631.8,311495.1,360299.6,1499814.7,1860114.2,186011.4,9598.2,46259,53506.7,222731.8,276238.5,27623.9,4561.4,21983.8,25428.2,105849.5,131277.7,13127.8,19737.4,95125,110029,458016.4,568045.4,56804.5,843225.2,4170123.08
297,CO,8103,Rio Blanco,39.972606,-108.200685,16026.8,50454.7,221844.2,336451.1,558295.4,55829.5,14297,45009.1,197900.4,300137.6,498038,49803.8,32916.4,103625.5,455631.1,691014.6,1146645.7,114664.6,15834.4,49848.8,219180.3,332410.9,551591.2,55159.1,14125.3,44468.6,195524,296533.5,492057.5,49205.7,32521.1,102381.2,450159.8,682716.7,1132876.5,113287.7,521508.93,4379504.38
1815,NM,35035,Otero,32.588776,-105.781079,31045.2,94897.9,263524,327881.8,591405.9,59140.6,28703.4,87739.7,243646.5,303149.8,546796.2,54679.6,47711,145841.5,404990.7,503897.4,908888.1,90888.8,35947.4,109882.8,305136,379656.3,684792.3,68479.2,33235.9,101594.3,282119.7,351018.9,633138.5,63313.9,55244.9,168870.7,468941.1,583465.8,1052406.8,105240.7,940714.64,4417427.89
1639,MT,30081,Ravalli,46.079298,-114.119065,36937.4,4687.6,408363,36522,444885,44488.5,22235.5,2821.8,245825.8,21985.5,267811.2,26781.1,26671,3384.7,294862.3,26371.1,321233.4,32123.3,121239.4,15386.1,1340368.6,119876.2,1460244.7,146024.5,72983.5,9262.1,806873.1,72162.9,879036,87903.6,87542,11109.7,967825.6,86557.7,1054383.3,105438.3,414260.85,4427593.7
1800,NM,35007,Colfax,36.612963,-104.640126,5850.4,96265.5,37946.1,820762.6,858708.7,85870.9,4043.5,66533.7,26226.3,567268.2,593494.5,59349.5,7895.3,129914.4,51209.9,1107654.5,1158864.4,115886.4,4226.1,69538.8,27410.9,592890.3,620301.2,62030.1,2920.9,48061.6,18945,409774.7,428719.7,42872,5703.3,93845.7,36992.2,800131,837123.2,83712.3,534799.03,4497211.71
581,ID,16059,Lemhi,44.928789,-113.887841,52571.8,3342.8,418826.6,30173.6,449000.2,44900,31720.5,2016.9,252709.4,18206,270915.4,27091.5,158030.5,10048.4,1258990.2,90701.8,1349691.9,134969.2,65829,4185.7,524443.7,37782.6,562226.3,56222.6,39719.6,2525.6,316436.1,22797.1,339233.2,33923.3,197881.6,12582.3,1576474.5,113574.4,1690048.8,169004.9,580454.72,4661115.88
203,CA,6033,Lake,39.094802,-122.746757,37102.2,40744.8,702246.9,552484,1254730.9,125473.1,12658.3,13901.1,239588.2,188493,428081.3,42808.1,31561.6,34660.2,597377.4,469979.2,1067356.5,106735.7,27728.6,30450.9,524829.1,412902.8,937731.9,93773.2,9460.3,10389,179057.9,140871.6,319929.5,31993,23587.8,25903.5,446454.1,351242.2,797696.4,79769.6,298148.21,4805526.53
201,CA,6029,Kern,35.346629,-118.729506,33548.9,49842.7,298104.6,522292.9,820397.6,82039.8,8772.7,13033.3,77951.1,136573.8,214524.9,21452.5,30263.3,44961.3,268909.6,471141.9,740051.5,74005.2,59163.2,87897,525704.2,921057.8,1446761.9,144676.2,15470.5,22984.1,137465.8,240846.4,378312.2,37831.2,53369,79288.8,474219.1,830853.5,1305072.6,130507.3,498594.83,4905120.69
559,ID,16015,Boise,43.987275,-115.715111,34605.5,7548.3,396710.1,102469.5,499179.7,49918,25141.8,5484.1,288220,74446.7,362666.7,36266.7,36899.9,8048.8,423012.4,109263.4,532275.7,53227.6,89959,19622.3,1031269.6,266375.2,1297644.8,129764.5,65357.5,14256.1,749243.6,193528.3,942772,94277.2,95923.3,20923.3,1099643.7,284036.1,1383679.8,138368,423770,5018218.65
244,CA,6115,Yuba,39.270026,-121.34428,10474.9,32760.2,614936.7,731475.9,1346412.7,134641.3,3808.1,11909.6,223553.9,265920.5,489474.4,48947.4,7603.7,23780.4,446378.4,530973.4,977351.8,97735.2,8919.9,27896.9,523649.6,622888.7,1146538.3,114653.8,3242.7,10141.6,190367.4,226444.8,416812.2,41681.2,6474.9,20250.2,380113.7,452150.7,832264.4,83226.4,167263.18,5208853.86
2209,OR,41001,Baker,44.703427,-117.691933,71332,-999,1067768.8,-999,1067768.8,106776.9,38975.6,-999,583426.3,-999,583426.3,58342.6,59485.6,-999,890439.6,-999,890439.6,89044,82801.4,-999,1239454.6,-999,1239454.6,123945.5,45242.5,-999,677235.1,-999,677235.1,67723.5,69050.2,-999,1033612.8,-999,1033612.8,103361.3,366887.44,5491937.31
2993,WA,53077,Yakima,46.456558,-120.740145,51121.8,-999,1552918.1,-999,1552918.1,155291.8,23207.7,-999,704975.7,-999,704975.7,70497.6,52525.7,-999,1595564.9,-999,1595564.9,159556.5,22730.3,-999,690476.4,-999,690476.4,69047.6,10318.9,-999,313454.4,-999,313454.4,31345.4,23354.6,-999,709438.5,-999,709438.5,70943.9,183258.9,5566827.96
553,ID,16003,Adams,44.884583,-116.431873,48829.3,14077.4,854846.6,166205.3,1021051.9,102105.2,49673.2,14320.8,869622,169078,1038700,103870,43066.3,12416,753954.4,146589.1,900543.4,90054.3,44084.4,12709.5,771778.7,150054.6,921833.3,92183.3,44846.4,12929.2,785118.3,152648.2,937766.5,93776.6,38881.4,11209.5,680690.4,132344.6,813035,81303.5,347043.15,5632930.01
2222,OR,41027,Hood River,45.511775,-121.655976,22490.8,7458.2,932944.2,161954.8,1094899,109489.9,21666.6,7184.9,898755,156019.8,1054774.7,105477.5,27651.5,9169.6,1147014.1,199116.4,1346130.5,134613.1,14350.9,4758.9,595288.7,103339.4,698628,69862.8,13824.9,4584.5,573473.4,99552.3,673025.7,67302.6,17643.7,5850.9,731881.4,127051.3,858932.6,85893.3,156635.54,5726390.67
594,ID,16085,Valley,44.771532,-115.637875,93831,7637.8,706465.1,105547.6,812012.7,81201.3,104989.2,8546,790476.5,118099.1,908575.6,90857.6,66696.3,5429,502164.5,75024.6,577189.1,57718.9,160021.2,13025.6,1204819,180002.9,1384821.8,138482.2,179050.6,14574.6,1348093.5,201408.4,1549502,154950.2,113745.2,9258.8,856400.9,127948.4,984349.2,98434.9,776805.37,6216450.4
2240,OR,41063,Wallowa,45.593753,-117.18558,50719,16235.2,872709.3,188085.8,1060795.1,106079.5,31965.6,10232.2,550023.8,118540.8,668564.6,66856.5,75989.8,24324.4,1307537.6,281799.7,1589337.3,158933.7,44597.7,14275.8,767381.3,165385.6,932766.9,93276.7,28107.6,8997.3,483641,104234,587875,58787.5,66818.6,21388.7,1149729.9,247789.1,1397519,139751.9,393651.9,6236857.91
562,ID,16021,Boundary,48.773065,-116.524619,17847.6,6737.8,368591.4,109572.9,478164.2,47816.4,18051,6814.6,372792.6,110821.8,483614.4,48361.4,38530.6,14546,795740.9,236553.6,1032294.5,103229.5,38054.9,14366.4,785916,233632.9,1019548.9,101954.9,38488.6,14530.1,794873.9,236295.9,1031169.8,103117,82155.6,31015.1,1696690.5,504383.1,2201073.7,220107.4,321138.2,6245865.4
211,CA,6049,Modoc,41.592919,-120.71837,136882.9,64366.1,1300444.2,468008.6,1768452.8,176845.3,83349.8,39193.4,791857.8,284976.7,1076834.5,107683.4,124436.4,58513.4,1182197.4,425453.5,1607650.9,160765.1,55306,26006.4,525430,189093.7,714523.7,71452.4,33676.6,15835.6,319941.3,115141.7,435083,43508.3,50277.2,23641.7,477653.7,171899.8,649553.5,64955.4,711485.51,6252098.42
1797,NM,35003,Catron,33.901814,-108.392097,132969.7,55430.9,921179,181497.5,1102676.6,110267.7,86978.2,36258.5,602562.3,118721.3,721283.6,72128.4,228222.3,95138.8,1581064.2,311513,1892577.3,189257.7,100620.6,41945.6,697072.8,137342.5,834415.3,83441.5,65818,27437.5,455969.8,89838.5,545808.3,54580.8,172700,71993.2,1196419.9,235727.5,1432147.4,143214.7,1115513.27,6528908.46
560,ID,16017,Bonner,48.312512,-116.59694,52444.9,-999,1271097.1,-999,1271097.1,127109.7,50517.6,-999,1224386.9,-999,1224386.9,122438.7,56292.6,-999,1364353.6,-999,1364353.6,136435.4,39457.2,-999,956317.9,-999,956317.9,95631.8,38007.3,-999,921175.2,-999,921175.2,92117.5,42352.1,-999,1026480.1,-999,1026480.1,102648,279071.73,6763810.82
1629,MT,30061,Mineral,47.155213,-115.06455,29045.9,3118.8,546429.2,17648.5,564077.7,56407.8,19989.4,2146.4,376053.2,12145.7,388199,38819.9,36062.9,3872.3,678437.2,21912.1,700349.3,70034.9,91868,9864.4,1728279.2,55819.9,1784099.1,178409.9,63223.7,6788.7,1189403.8,38415.3,1227819.1,122781.9,114061.8,12247.4,2145802,69305,2215107.1,221510.7,392289.41,6879651.3
240,CA,6107,Tulare,36.230453,-118.780542,40827.7,32239.2,792811,698002.8,1490813.8,149081.4,16655.7,13152,323428.6,284751.4,608180.1,60818,37114.9,29307.4,720714.6,634528,1355242.6,135524.3,41440.5,32723,804710,708478.8,1513188.8,151318.9,16905.7,13349.4,328282.8,289025.2,617308,61730.8,37672,29747.3,731531.5,644051.4,1375582.9,137558.3,341134.94,6960316.19
208,CA,6043,Mariposa,37.570034,-119.91286,20846.3,63560.1,432133.2,1420466.8,1852600.1,185260,4111.9,12537.1,85237.3,280183.8,365421.1,36542.1,17297.4,52739.8,358567.7,1178649.4,1537217.1,153721.7,18973.7,57850.6,393314.9,1292867,1686182,168618.2,3742.5,11410.9,77580.5,255015.1,332595.5,33259.6,15743.6,48002.2,326357.8,1072771.9,1399129.7,139913,326816.08,7173145.51
2239,OR,41061,Union,45.304047,-117.999136,57825.4,33557.8,1054800.6,284040.7,1338841.3,133884.1,41537.9,24105.7,757698.1,204035.8,961733.9,96173.4,78916.9,45797.8,1439533.3,387642.9,1827176.2,182717.6,44584.9,25873.9,813278.6,219002.7,1032281.3,103228.1,32026.8,18586.1,584204.9,157316.9,741521.8,74152.2,60847,35311.3,1109917.5,298882.8,1408800.2,140880,498971.39,7310354.82
206,CA,6039,Madera,37.210039,-119.749852,33759.6,24215.5,1001536,346662.3,1348198.3,134819.8,32225,23114.7,956007.7,330903.6,1286911.2,128691.1,30518.2,21890.5,905374.3,313377.8,1218752.1,121875.2,30489.7,21870,904526.9,313084.5,1217611.4,121761.1,29103.7,20875.8,863408.5,298852.1,1162260.6,116226.1,27562.2,19770.1,817679.4,283023.9,1100703.3,110070.3,315394.94,7334436.94
2958,WA,53007,Chelan,47.859892,-120.618543,66201.6,13348.1,1195977.2,288361,1484338.2,148433.8,27354.6,5515.4,494179.7,119151.2,613330.9,61333.1,69355.1,13983.9,1252947.5,302097.1,1555044.5,155504.5,81792.8,16491.7,1477643.6,356273.4,1833917,183391.7,33796.9,6814.4,610564.7,147212.7,757777.4,75777.7,85689,17277.3,1548031.1,373244.4,1921275.5,192127.6,437620.89,8165683.55
2980,WA,53051,Pend Oreille,48.543877,-117.232183,68898.9,-999,1764210.2,-999,1764210.2,176421,36110.6,-999,924639.8,-999,924639.8,92464,65716.7,-999,1682729.1,-999,1682729.1,168272.9,63310.5,-999,1621115.7,-999,1621115.7,162111.6,33181.6,-999,849642.6,-999,849642.6,84964.3,60386.5,-999,1546243.5,-999,1546243.5,154624.3,327604.72,8388580.76
191,CA,6009,Calaveras,38.187844,-120.555115,10654.9,67672.1,429693.2,1262876.4,1692569.6,169257,3179.2,20192,128211.7,376816.6,505028.3,50502.8,7192.1,45679.2,290046,852450.7,1142496.8,114249.7,16995.5,107943.2,685400.3,2014404.1,2699804.3,269980.4,5071.1,32208.1,204509.5,601057.1,805566.6,80556.7,11472.1,72862.5,462650.2,1359737.4,1822387.5,182238.8,401121.99,8667853.05
2974,WA,53039,Klickitat,45.869509,-120.780117,2577.5,137649.7,76244.5,2497280,2573524.5,257352.5,1320.6,70526.2,39064.6,1279506.5,1318571.1,131857.1,2455.8,131149.9,72644.2,2379358.3,2452002.5,245200.3,982.1,52448.7,29051.5,951540.1,980591.6,98059.2,503.2,26872.6,14884.8,487531.1,502415.9,50241.6,935.7,49972.1,27679.7,906608.3,934288,93428.8,477394.11,8761393.6
196,CA,6019,Fresno,36.761006,-119.655019,84016.3,36987.2,1982737,442890.8,2425627.7,242562.8,40971.5,18037.2,966904.7,215980.8,1182885.5,118288.6,60799.4,26766.3,1434832.6,320503.5,1755336.1,175533.6,57668.6,25388,1360947.8,303999.6,1664947.4,166494.7,28122.8,12380.7,663682,148248.9,811930.9,81193.1,41732.6,18372.3,984867.1,219993.1,1204860.2,120486,451243.05,9045587.9
2217,OR,41017,Deschutes,43.915118,-121.225575,257665.7,103635.2,3828783.9,438545.7,4267329.6,426733,97702.5,39296.7,1451810.4,166289.1,1618099.6,161810,143497.1,57715.7,2132296,244231.4,2376527.4,237652.7,27964.9,11247.7,415544.7,47596.1,463140.8,46314.1,10603.8,4264.9,157567.6,18047.7,175615.2,17561.5,15574,6264,231421.9,26506.9,257928.7,25792.9,775432.43,9158641.39
232,CA,6091,Sierra,39.576925,-120.521993,81209.7,23166.7,2284696.4,479465.1,2764161.5,276416.2,41006.8,11698,1153657.2,242105.8,1395763,139576.3,57617.1,16436.5,1620960,340173.7,1961133.7,196113.4,45472.4,12972,1279290.1,268471.1,1547761.1,154776.1,22961.3,6550.2,645977.3,135564.4,781541.8,78154.2,32262,9203.4,907638.3,190476.5,1098114.8,109811.5,360556.14,9548475.9
194,CA,6015,Del Norte,41.749903,-123.980998,8450.1,3296.5,327554.5,205057.4,532611.9,53261.2,6055.7,2362.4,234740.1,146953.2,381693.4,38169.3,20143.6,7858.2,780837.9,488824.2,1269662.2,126966.2,29280.6,11422.7,1135018.7,710550.3,1845569,184556.9,20983.8,8186,813404.8,509211.9,1322616.8,132261.7,69800.2,27229.8,2705704.1,1693839,4399543.1,439954.3,215069.5,9751696.3
2973,WA,53037,Kittitas,47.124444,-120.676714,47757.3,35865,1177831.3,569899.5,1747730.8,174773.1,28953,21743.2,714063,345502.9,1059565.9,105956.6,49813.3,37409,1228536.6,594433.6,1822970.2,182297,52889.3,39719.1,1304401.3,631141.1,1935542.4,193554.2,32064.3,24079.8,790796.3,382630.8,1173427.1,117342.7,55166.2,41429,1360555.4,658311.5,2018867,201886.7,466888.35,9758103.3
1817,NM,35039,Rio Arriba,36.509669,-106.693983,131397.5,142961.9,1141565.2,848936.6,1990501.8,199050.2,105938.5,115262.2,920380.7,684450.5,1604831.2,160483.1,186538.1,202955.5,1620620.7,1205191.1,2825811.8,282581.2,72759.6,79163.3,632126.9,470087.6,1102214.6,110221.5,58662.1,63825,509648.9,379005.6,888654.5,88865.4,103293.1,112384,897397.7,667359,1564756.7,156475.7,1375140.64,9976770.58
215,CA,6057,Nevada,39.295191,-120.773446,51118.7,93618.2,1528762.7,2321511.3,3850274,385027.4,35481.4,64980.1,1061110,1611354.7,2672464.7,267246.5,17209.3,31516.9,514664,781546,1296210,129621,17110.9,31336.8,511722,777078.4,1288800.4,128880,11876.7,21750.8,355184.8,539368,894552.8,89455.3,5760.5,10549.6,172273.2,261606.5,433879.7,43388,392309.79,10436181.65
2241,OR,41065,Wasco,45.164536,-121.165069,48304.2,116658,1474060.9,2104470.4,3578531.3,357853.1,22771.9,54995.7,694911.8,992103.7,1687015.5,168701.6,40626.9,98116.7,1239776.9,1769990.5,3009767.4,300976.7,13152.4,31764,401362.3,573012.4,974374.7,97437.5,6200.4,14974.4,189213,270133.4,459346.3,45934.6,11062,26715.5,337570.7,481939,819509.7,81951,485342.3,10528544.84
97,AZ,4001,Apache,35.385845,-109.493747,48792.6,279497.7,458798.3,2186032.4,2644830.8,264483.1,23705.4,135791.1,222902.5,1062061.5,1284964,128496.4,75840.5,434435.8,713130.9,3397848.5,4110979.3,411097.9,15347.2,87913.3,144310.6,687595.5,831906.1,83190.6,7456.3,42711.8,70111.8,334061.2,404173.1,40417.3,23854.9,136647.6,224308.5,1068760.6,1293069,129306.9,1311994.16,10569922.33
1630,MT,30063,Missoula,47.027263,-113.892681,106047.1,92615.5,1362397.7,913269.6,2275667.3,227566.7,46818.1,40888.3,601477.6,403194.5,1004672,100467.2,95345.1,83269,1224908.8,821105.3,2046014.1,204601.4,109953.5,96027.2,1412584.4,946911.7,2359496.1,235949.6,48542.8,42394.5,623634.2,418046.9,1041681.1,104168.1,98857.4,86336.4,1270030.8,851352.4,2121383.2,212138.3,947094.92,10848913.87
1643,MT,30089,Sanders,47.756469,-115.180225,42596.2,24951.6,762102.2,222365.7,984468,98446.8,58714.7,34393.3,1050483.3,306509.4,1356992.7,135699.3,109287.2,64017.1,1955291.5,570513.8,2525805.3,252580.5,53804.2,31516.9,962627.9,280875,1243502.9,124350.3,74163.8,43442.9,1326888.3,387158.7,1714047,171404.7,138043,80861.4,2469771.2,720628.4,3190399.6,319040,755792.46,11015215.5
2978,WA,53047,Okanogan,48.550971,-119.691035,136863,79502.3,1568805.9,823711.4,2392517.4,239251.7,62305.7,36192.7,714185.1,374987.4,1089172.5,108917.2,155852.9,90533.2,1786478.7,938001.9,2724480.5,272448.1,110378.9,64117.9,1265229.1,664316.5,1929545.6,192954.6,50249,29189.1,575984.4,302424.2,878408.6,87840.9,125694.1,73014.3,1440780.3,756490.8,2197271.1,219727.1,1013893.19,11211395.66
204,CA,6035,Lassen,40.721089,-120.629931,131211.1,178428.8,2096819.6,1659342.3,3756161.8,375616.2,66077.1,89855.7,1055945.8,835634.9,1891580.6,189158.1,117843.5,160250.8,1883198.9,1490291.1,3373490.1,337349,35926.3,48854.7,574119.9,454336.4,1028456.3,102845.6,18092.3,24602.9,289123.3,228801.1,517924.4,51792.4,32266.2,43877.5,515629.5,408049.3,923678.8,92367.9,947286.85,11491292.01
190,CA,6007,Butte,39.665959,-121.601919,14647.5,31448.6,750181.7,828998.2,1579179.9,157918,9593.1,20596.7,491319.4,542939,1034258.4,103425.8,27897.2,59896.1,1428774.9,1578886.6,3007661.5,300766.2,17824.9,38270.6,912915.7,1008829.6,1921745.3,192174.5,11674.2,25064.7,597899.4,660716.7,1258616.2,125861.6,33948.9,72889.1,1738713.6,1921388.5,3660102,366010.2,363751.54,12461563.29
241,CA,6109,Tuolumne,38.021451,-119.964708,51302,55490.6,1335291.1,1281408.6,2616699.7,261670,24637.7,26649.3,641272.6,615395.6,1256668.2,125666.8,32402.4,35047.9,843371.8,809339.6,1652711.4,165271.1,74299.2,80365.5,1933864.4,1855827.8,3789692.2,378969.2,35682.1,38595.5,928737,891260,1819997,181999.7,46927.5,50758.9,1221431.6,1172143.6,2393575.2,239357.5,552158.65,13529343.67
238,CA,6103,Tehama,40.126156,-122.232276,39502,75058.7,1271008.3,980623.7,2251632,225163.2,28717.7,54567.2,924014.5,712906.9,1636921.4,163692.1,54753.2,104037.7,1761724.3,1359226.9,3120951.2,312095.1,36877.1,70070.9,1186547.8,915459.7,2102007.6,210200.8,26809.4,50941.1,862612.3,665533.1,1528145.5,152814.5,51114.7,97124.2,1644655,1268904.2,2913559.2,291355.9,689573.99,13553216.84
1613,MT,30029,Flathead,48.314696,-114.054319,88128.4,54084.6,1237151.4,615603.2,1852754.6,185275.5,71994.6,44183.3,1010664.1,502903.8,1513567.9,151356.8,164071.6,100691.2,2303246.8,1146089.5,3449336.3,344933.6,89181.4,54730.9,1251933.5,622958.8,1874892.2,187489.2,72854.8,44711.2,1022740.1,508912.7,1531652.8,153165.3,166032,101894.3,2330767.2,1159783.5,3490550.7,349055.1,1052558.09,13712754.53
2964,WA,53019,Ferry,48.437246,-118.517074,43327.4,74214.3,760529.6,1257936.6,2018466.2,201846.6,29044.5,49749.6,509821,843257.8,1353078.9,135307.9,49234.3,84332,864213.6,1429432.8,2293646.4,229364.6,61755.7,105779.6,1084003.4,1792971.2,2876974.6,287697.5,41398,70909.4,726661.7,1201918.3,1928580,192858,70175,120200.7,1231787.1,2037409.3,3269196.3,326919.6,800120.5,13739942.4
99,AZ,4005,Coconino,35.829692,-111.773728,229225.1,129052.1,2119465,667850.2,2787315.2,278731.5,241677.4,136062.7,2234601.9,704130.2,2938732.1,293873.2,474059.2,266892,4383254,1381177.4,5764431.4,576443.1,50334.2,28337.8,465401.4,146649.5,612050.8,61205.1,53068.6,29877.2,490683.6,154616,645299.6,64530,104096,58605.3,962494,303285,1265779,126577.9,1801287.64,14013608.16
217,CA,6061,Placer,39.062032,-120.722718,82649.5,72388.4,2409264.7,1735031.6,4144296.3,414429.6,45150.8,39545.3,1316163.7,947835.1,2263998.8,226399.9,37843.2,33144.9,1103144.6,794429.4,1897573.9,189757.4,57709.6,50544.9,1682259,1211478.5,2893737.5,289373.7,31526.4,27612.3,919005.8,661821.9,1580827.7,158082.8,26423.9,23143.3,770266.1,554707,1324973,132497.3,527682.37,14105407.23
569,ID,16035,Clearwater,46.67257,-115.6535,35673.7,33765.1,874351.1,670260.2,1544611.3,154461.1,33461.8,31671.4,820136.4,628700.3,1448836.7,144883.7,52647.9,49831,1290381.4,989180.8,2279562.2,227956.2,59822.7,56622,1466235.3,1123986.9,2590222.2,259022.2,56113.4,53111.2,1375320.4,1054293.4,2429613.8,242961.4,88287.4,83563.7,2163893.6,1658798,3822691.6,382269.2,634571.31,14115537.82
591,ID,16079,Shoshone,47.347694,-115.885092,18123,-999,477590.3,-999,477590.3,47759,33938.2,-999,894364.6,-999,894364.6,89436.5,51484.9,-999,1356767.4,-999,1356767.4,135676.7,77027.2,-999,2029877.9,-999,2029877.9,202987.8,144245.8,-999,3801272.4,-999,3801272.4,380127.2,218823.6,-999,5766599.6,-999,5766599.6,576660,543642.66,14326472.09
2220,OR,41023,Grant,44.496326,-119.014057,205307.2,50284.8,2786631.7,409620.4,3196252.1,319625.2,102281,25051.2,1388258.5,204066.8,1592325.3,159232.5,177452.4,43462.5,2408558.9,354045.7,2762604.6,276260.5,216090.2,52925.9,2932989.4,431134.3,3364123.6,336412.4,107652.9,26366.9,1461171.7,214784.7,1675956.4,167595.6,186772.4,45745.2,2535059.7,372640.7,2907700.4,290770,1239392.58,15498962.41
2987,WA,53065,Stevens,48.390648,-117.854897,39948.3,198043.4,827117.6,2953463.8,3780581.4,378058.1,11967.9,59330.8,247791.9,884812.9,1132604.8,113260.5,36086.2,178896.7,747152.4,2667924.7,3415077.1,341507.7,34455.6,170813.2,713392.1,2547373.6,3260765.6,326076.6,10322.4,51173,213721.4,763154.5,976875.9,97687.6,31124.4,154299.1,644421.7,2301095.1,2945516.8,294551.7,976460.96,15511421.58
2216,OR,41015,Curry,42.466671,-124.211407,45310.9,-999,1948115.7,-999,1948115.7,194811.6,25260.1,-999,1086042.7,-999,1086042.7,108604.3,46104.5,-999,1982233.9,-999,1982233.9,198223.4,96980.2,-999,4169602,-999,4169602,416960.2,54064.9,-999,2324485.1,-999,2324485.1,232448.5,98678.6,-999,4242626.1,-999,4242626.1,424262.6,366399.25,15753105.59
2975,WA,53041,Lewis,46.580071,-122.377444,80052.2,-999,4794188.7,-999,4794188.7,479418.9,36529.3,-999,2187678.5,-999,2187678.5,218767.8,53317.1,-999,3193071.6,-999,3193071.6,319307.2,59255.6,-999,3548718.2,-999,3548718.2,354871.8,27039.5,-999,1619346.9,-999,1619346.9,161934.7,39466,-999,2363551.4,-999,2363551.4,236355.1,295659.77,17706555.22
195,CA,6017,El Dorado,38.785532,-120.534398,105628.1,75271.1,3564773.9,1862419.7,5427193.6,542719.4,37662.6,26838.6,1271052.1,664062.4,1935114.5,193511.5,47120.4,33578.2,1590236.4,830820.6,2421057,242105.7,98252.2,70015,3315850.9,1732369.6,5048220.5,504822,35032.7,24964.5,1182296.3,617691.9,1799988.3,179998.8,43830.1,31233.5,1479192.5,772805.6,2251998.1,225199.8,629427.2,18883571.95
1625,MT,30053,Lincoln,48.542232,-115.404343,131623.7,33014.2,2493799,319691.7,2813490.7,281349.1,89029.7,22330.7,1686793.4,216237.9,1903031.3,190303.1,168214.9,42192.1,3187071.3,408565.5,3595636.8,359563.7,191322.8,47988.1,3624882.5,464690.5,4089573,408957.3,129409.8,32458.9,2451852.7,314314.4,2766167.1,276616.7,244510.2,61328.7,4632594.2,593873.8,5226468,522646.8,1193423.9,20394366.9
576,ID,16049,Idaho,45.849237,-115.467376,199469.6,18446,3378030.8,233594.4,3611625.3,361162.5,143692.5,13288,2433442.2,168275.1,2601717.3,260171.7,229062.3,21182.6,3879186.3,268249.8,4147436.2,414743.6,269364.8,24909.6,4561710.9,315447.1,4877158.1,487715.8,194043.1,17944.2,3286133.4,227239.6,3513373,351337.3,309327,28605.1,5238474,362246,5600720,560072,1469334.73,24352029.82
2225,OR,41033,Josephine,42.385382,-123.597245,43569.9,63112.6,1262883.8,2498613.5,3761497.2,376149.7,32713.3,47386.5,948203.3,1876018.7,2824222.1,282422.2,39116.4,56661.6,1133798.3,2243218.1,3377016.4,337701.6,70148.7,101613,2033276.6,4022834.4,6056111,605611.1,52669.4,76293.5,1526632.7,3020440.3,4547073,454707.3,62978.5,91226.6,1825445.6,3611641,5437086.5,543708.7,737490.06,26003006.23
2226,OR,41035,Klamath,42.683761,-121.646168,379844.4,304030.8,6777253,3843536.2,10620789.2,1062078.9,199231.3,159466.5,3554721.3,2015964.2,5570685.6,557068.6,257550.9,206146,4595270.2,2606083.5,7201353.7,720135.4,72691.3,58182.8,1296971.9,735542.6,2032514.5,203251.4,38127.2,30517.3,680271.7,385797.7,1066069.5,106606.9,49287.9,39450.4,879402.9,498729.6,1378132.6,137813.3,1794526.9,27869544.99
231,CA,6089,Shasta,40.760522,-122.04355,125229.9,229821.1,3497831.8,4494432.9,7992264.7,799226.5,55706.4,102232.1,1555952.3,1999273.8,3555226.1,355522.6,105711.3,194000.7,2952652.4,3793921.2,6746573.5,674657.4,74883.2,137425.2,2091583.6,2687516.9,4779100.5,477910,33310.5,61131.3,930406.2,1195497.2,2125903.4,212590.3,63211.7,116005.8,1765585,2268634.9,4034219.8,403422,1298669.16,29233288.01
2984,WA,53059,Skamania,46.024782,-121.953227,131874.1,-999,6661278.9,-999,6661278.9,666127.9,96375.3,-999,4868150.7,-999,4868150.7,486815.1,105060.6,-999,5306865.9,-999,5306865.9,530686.6,98596.4,-999,4980342.7,-999,4980342.7,498034.3,72055.5,-999,3639700.3,-999,3639700.3,363970,78549.1,-999,3967708.2,-999,3967708.2,396770.8,582511.01,29424046.74
218,CA,6063,Plumas,39.99517,-120.829516,251735.6,90183,6494905.7,2324802.7,8819708.3,881970.8,64437.6,23084.4,1662521.3,595087,2257608.3,225760.8,194029,69509.9,5006044.4,1791876,6797920.4,679792,190254.8,68157.8,4908668.3,1757020.9,6665689.2,666568.9,48700.1,17446.6,1256487.2,449750.1,1706237.3,170623.7,146641.7,52533.6,3783428.5,1354249.8,5137678.3,513767.8,1216713.95,31384841.8
239,CA,6105,Trinity,40.647724,-123.114404,63348.8,23871.8,2308232,655706.9,2963938.9,296393.9,37174.4,14008.4,1354518.7,384782.5,1739301.2,173930.1,101868.6,38387.2,3711772.5,1054415.2,4766187.6,476618.8,181449.1,68375.5,6611435.5,1878131.8,8489567.3,848956.7,106478.1,40124.2,3879728.2,1102126.9,4981855.2,498185.5,291780.7,109951.9,10631576,3020146.1,13651722.1,1365172.2,1076818.63,36592572.35
2223,OR,41029,Jackson,42.411782,-122.675797,94750.3,214540.3,4057852.1,5269824.7,9327676.8,932767.7,47580.4,107734.8,2037713.9,2646325,4684038.9,468403.9,74212.5,168037.1,3178282.9,4127551.6,7305834.5,730583.5,69636,157674.8,2982288.4,3873018.7,6855307.1,685530.7,34968.8,79178.9,1497602.8,1944897,3442499.8,344250,54541.9,123497.6,2335855.5,3033513.6,5369369.1,536936.9,1226353.35,36984726.28
2218,OR,41019,Douglas,43.285904,-123.15438,151707.3,-999,6956140.7,-999,6956140.7,695614.1,85597.4,-999,3924843.1,-999,3924843.1,392484.3,119672.6,-999,5487272.9,-999,5487272.9,548727.3,205938.2,-999,9442754.3,-999,9442754.3,944275.4,116195.9,-999,5327857.9,-999,5327857.9,532785.8,162452,-999,7448809.9,-999,7448809.9,744881,841563.38,38587678.84
233,CA,6093,Siskiyou,41.587986,-122.533287,376448.9,176949.5,10568563.5,2849647.1,13418210.6,1341821.1,190514.8,89551.3,5348581.2,1442160.9,6790742.1,679074.2,272798.2,128228.6,7658636.8,2065031.1,9723667.9,972366.8,271726.4,127724.8,7628546.3,2056917.7,9685464,968546.4,137516.4,64639.5,3860685.5,1040973.2,4901658.7,490165.9,196909.8,92557.3,5528118,1490570.2,7018688.2,701868.8,2125565.36,51538431.52
209,CA,6045,Mendocino,39.432388,-123.442881,17862.1,165134.9,577362.7,6865923.8,7443286.5,744328.7,11339,104828.7,366513.6,4358533.7,4725047.3,472504.7,19489.3,180178.1,629958.2,7491383.7,8121341.9,812134.2,28865.9,266865.4,933044.1,11095642.1,12028686.2,1202868.6,18324.3,169407.9,592302.5,7043586.7,7635889.2,763588.9,31495.5,291175.9,1018040.9,12106413.5,13124454.3,1312445.4,1304967.05,53078705.47
198,CA,6023,Humboldt,40.706673,-123.925818,28574.2,127814.8,1471175.4,7165952,8637127.4,863712.7,13796.5,61712.7,710326.6,3459931.5,4170258,417025.8,35030.7,156695,1803592.9,8785125.3,10588718.2,1058871.8,51167.2,228875.1,2634400.7,12831908.7,15466309.3,1546630.9,24705,110507.6,1271965.8,6195621.3,7467587.1,746758.7,62728.6,280590.2,3229653.2,15731325.8,18960979,1896097.9,1182197.59,65290979.06
2228,OR,41039,Lane,43.928276,-122.897678,252265.5,-999,15800374.3,-999,15800374.3,1580037.4,150796.3,-999,9444959.5,-999,9444959.5,944496,195285,-999,12231460.9,-999,12231460.9,1223146.1,212632.3,-999,13317990.6,-999,13317990.6,1331799.1,127104.8,-999,7961069.8,-999,7961069.8,796107,164603.9,-999,10309786.2,-999,10309786.2,1030978.6,1102687.64,69065641.31
